ID,Epic,Title,Requirement,Use case,Priority,Story points,Sprint,User story,Acceptance criteria
US-01,E1 Authentication & Access Control,Log in with role-based access,FR-01,UC-01,High,5,Sprint 1,"As an Administrator, Teacher or Student, I want to log in with my ID and password so that I reach the dashboard for my role.","Valid credentials open the dashboard that matches the user's role | Credentials are verified through the Security / Auth Service, which returns the role | A session is created only after successful verification"
US-02,E1 Authentication & Access Control,Handle invalid credentials and locked accounts,FR-01,"UC-01 (alt 3a, 4a)",High,3,Sprint 1,"As a user, I want clear messages when login fails so that I know what to do next.",Invalid credentials show an error and ask the user to re-enter | A locked or disabled account is denied and told to contact the administrator | No session is created on failure
US-03,E1 Authentication & Access Control,Log out securely,FR-15,,Low,2,Sprint 3,"As a logged-in user, I want to log out so that nobody else can use my session.",Logout ends the active session and returns to the login page | Pressing Back does not reopen protected pages
US-04,E1 Authentication & Access Control,Change my password,FR-13,,Low,3,Sprint 3,"As a logged-in user, I want to change my password so that I can keep my account secure.",User must enter the current password to set a new one | New password is validated and a confirmation is shown
US-05,E1 Authentication & Access Control,Restrict pages and data by role,NFR-01,"UC-01, UC-05",High,5,Sprint 2,"As a Student, I want to see only my own attendance so that my data stays private.","A Student cannot open another student's records, even by typing a URL | A Teacher can access only their assigned classes and subjects | User management pages are available only to the Administrator"
US-06,E2 Attendance Marking & Records,"Select class, subject and date",FR-02,UC-02,High,3,Sprint 1,"As a Teacher, I want to pick a class, subject and date so that I can mark attendance for that session.","Only classes and subjects assigned to the Teacher are listed | A message is shown when no classes are assigned | The student roster loads for the chosen class, subject and date"
US-07,E2 Attendance Marking & Records,"Mark Present, Absent or Late",FR-02,UC-03,High,5,Sprint 1,"As a Teacher, I want to mark each student Present, Absent or Late so that the day's attendance is recorded.","Each student can be set to Present, Absent or Late | Submitting with an unmarked student prompts the Teacher to complete all entries | Teacher can review the marks before submitting"
US-08,E2 Attendance Marking & Records,Save attendance records,FR-03,UC-04,High,5,Sprint 1,"As a Teacher, I want submitted attendance to be saved so that it is stored permanently.",Submitted attendance is stored in the Attendance Database | A success confirmation is shown to the Teacher | Saving triggers recalculation of the attendance percentage
US-09,E2 Attendance Marking & Records,Prevent duplicate attendance and allow updates,FR-03,UC-04,High,5,Sprint 1,"As a Teacher, I want the system to stop duplicate entries and let me correct a record so that data stays accurate.","A second record for the same student, subject and date cannot be created | An authorized Teacher can update the existing record instead | The update is confirmed to the Teacher"
US-10,E2 Attendance Marking & Records,Keep entered data when a save fails,NFR-03,UC-04 (alt 3a),Medium,3,Sprint 3,"As a Teacher, I want my marks kept if saving fails so that I do not have to enter them again.",A failed save shows an error and a retry option | Marks already entered are not lost | No partial records are written
US-11,E3 Attendance Viewing & Search,View my attendance as a student,FR-05,UC-05,High,5,Sprint 2,"As a Student, I want to view my attendance by subject and date so that I know where I stand.",Records can be filtered by subject and date | The attendance percentage is shown with the records | A message is shown when no records exist
US-12,E3 Attendance Viewing & Search,View class attendance as a teacher,FR-05,UC-05,High,3,Sprint 2,"As a Teacher, I want to view attendance for my classes so that I can follow my students' attendance.","Teacher can view records by class, subject and date | Only the Teacher's own classes are visible"
US-13,E3 Attendance Viewing & Search,Search and filter attendance records,FR-10,UC-05,Medium,3,Sprint 3,"As an authorized user, I want to search and filter records so that I can find specific attendance quickly.","Filter by student, subject, class or date | Results update to match the selected filters"
US-14,E4 Percentage & Alerts,Calculate attendance percentage automatically,FR-04,UC-06,High,5,Sprint 2,"As a Student or Teacher, I want the system to calculate attendance percentage so that I do not have to do it by hand.","Percentage = classes attended / total classes held, per subject | The rule for counting Late is decided by the team and documented | Shows 0% or N/A when no records exist, and updates after every save"
US-15,E4 Percentage & Alerts,Alert on low attendance,FR-11,,Medium,3,Sprint 3,"As a Teacher, I want to see students whose attendance is below a threshold so that I can follow them up.",Threshold can be set by an authorized user | Students below the threshold are listed
US-16,E5 Reporting,Generate attendance reports,FR-06,UC-07,High,8,Sprint 2,"As a Teacher or Administrator, I want reports by student, class, subject or date range so that I can review attendance.","Report scope can be student, class, subject or date range | Report is compiled through the Report Engine | A message is shown when no data exists for the scope | Report loads within 3 seconds under normal conditions"
US-17,E5 Reporting,Export reports,FR-12,UC-07,Medium,3,Sprint 3,"As an authorized user, I want to export a report so that I can share or print it.",Report can be exported in a supported file format (PDF or CSV) | Exported file matches the on-screen report
US-18,E6 Administration,Manage user accounts,FR-07,,Medium,5,Sprint 2,"As an Administrator, I want to add, update and deactivate student and teacher accounts so that access stays current.",Administrator can add and update Student and Teacher accounts | A deactivated account cannot log in
US-19,E6 Administration,Manage classes and subjects,FR-08,,Medium,5,Sprint 1,"As an Administrator, I want to create classes and subjects and assign teachers so that attendance can be marked. (Pulled into Sprint 1 because marking depends on it.)",Administrator can create and edit classes and subjects | Teachers can be assigned to classes and subjects
US-20,E6 Administration,Enroll students in classes and subjects,FR-09,,Medium,3,Sprint 1,"As an Administrator, I want to assign students to classes and subjects so that rosters are correct.",Students can be assigned to classes and subjects | The roster in UC-02 shows the enrolled students
US-21,E7 Dashboard,See a role-based dashboard summary,FR-14,,Low,5,Sprint 3,"As a user, I want a dashboard with the attendance information relevant to my role so that I see what matters first.",Student sees own attendance summary | Teacher sees summary of assigned classes | Administrator sees system-wide counts
US-22,E8 Quality & Non-Functional,Pages load within 3 seconds,NFR-02,"UC-05, UC-07",High,3,Sprint 3,"As a user, I want pages and attendance data to load quickly so that I can work without waiting.",Major pages load within 3 seconds under normal conditions | Percentage and report queries use indexed lookups
US-23,E8 Quality & Non-Functional,Back up attendance data regularly,NFR-03,UC-04,High,3,Sprint 3,"As an Administrator, I want regular backups so that saved attendance is never lost.",Backups run on a set schedule | A backup can be restored in a test
US-24,E8 Quality & Non-Functional,Protect data in transit,NFR-01,,High,2,Sprint 2,"As a user, I want my data encrypted while it travels so that others cannot read it.",All pages and API calls use HTTPS | Credentials are never sent over plain HTTP
US-25,E8 Quality & Non-Functional,"Consistent, easy-to-use interface",NFR-04,,Medium,3,Sprint 3,"As a user, I want a clear and consistent interface so that I can find major functions easily.",Navigation and layout are consistent across pages | Main tasks can be reached in a few clicks
US-26,E8 Quality & Non-Functional,Work on modern browsers,NFR-05,,Medium,2,Sprint 3,"As a user, I want the system to work in common browsers so that I can use my own device.","Works correctly in current Chrome, Edge and Firefox"
